    {
        "filename": "/home/hpc/rzku/ptfs335h/.config/ssget/MM/Boeing/pwtk/pwtk.mtx",
        "problem": {
            "id": 369,
            "group": "Boeing",
            "name": "pwtk",
            "rows": 217918,
            "cols": 217918,
            "nonzeros": 11524432,
            "real": true,
            "binary": false,
            "2d3d": true,
            "posdef": true,
            "psym": 1,
            "nsym": 1,
            "kind": "structural problem",
            "row_distribution": {
                "min": 2,
                "q1": 54.0,
                "median": 54.0,
                "q3": 54.0,
                "max": 180,
                "mean": 53.38899953193403,
                "variance": 22.50454074330221,
                "skewness": -1.7244743301114805,
                "kurtosis": 46.848153329494177,
                "hyperskewness": 241.04243324030089,
                "hyperflatness": 11843.386212277584
            },
            "col_distribution": {
                "min": 2,
                "q1": 54.0,
                "median": 54.0,
                "q3": 54.0,
                "max": 180,
                "mean": 53.38899953193403,
                "variance": 22.50454074330221,
                "skewness": -1.7244743301114805,
                "kurtosis": 46.848153329494177,
                "hyperskewness": 241.04243324030089,
                "hyperflatness": 11843.386212277584
            }
        },
        "spmv": {
            "csr": {
                "storage": 139164860,
                "max_relative_norm2": 0.0,
                "time": 0.1262299302,
                "completed": true
            },
            "coo": {
                "storage": 184390912,
                "max_relative_norm2": 0.0,
                "time": 1.1864857817999999,
                "completed": true
            },
            "ell": {
                "storage": 470702880,
                "max_relative_norm2": 0.0,
                "time": 1.073106353,
                "completed": true
            },
            "hybrid": {
                "storage": 141991328,
                "max_relative_norm2": 0.0,
                "time": 0.3539340195,
                "completed": true
            },
            "sellp": {
                "storage": 142681304,
                "max_relative_norm2": 0.0,
                "time": 0.15811376170000003,
                "completed": true
            }
        },
        "optimal": {
            "spmv": "csr"
        }
    }
]
